349398761;ABI;201601;81501;815;MALE;XXXXXXXX;mm,üpklhömh;Marion;Robinienstr.;23;;57555;Mudersbach;DEU;02.07.1990;128758;test@test-mexxon.com
97553655;ABI;201601;81501;815;MALE;XXXXXXXX;mm,üpklhömh;Sandra;Gleißhammerstr.;53;;41236;Mönchengladbach;DEU;07.01.1988;128759;test@test-mexxon.com
1084564749;ABI;201601;81501;815;FEMALE;XXXXXXXX;mm,üpklhömh;Elija;Zum Wiegele;20;;47608;Geldern;DEU;04.04.1984;128760;test@test-mexxon.com
1610468056;ABI;201601;81501;815;FEMALE;XXXXXXXX;mm,üpklhömh;Nicole;Haberswöhr;3;;32756;Detmold;DEU;30.06.1962;128761;test@test-mexxon.com
203275192;ABI;201601;81501;815;MALE;XXXXXXXX;mm,üpklhömh;Jonathan;Kornblumenweg;24;;10777;Berlin;DEU;16.01.1981;128762;test@test-mexxon.com
1753434179;ABI;201601;81501;815;FEMALE;XXXXXXXX;mm,üpklhömh;Necla;Lerchenstr.;22;;18528;Bergen Auf Rügen;DEU;26.06.1992;128763;test@test-mexxon.com
345730602;ABI;201601;81501;815;FEMALE;XXXXXXXX;mm,üpklhömh;Denis;Kaarster Str.;232A;;53937;Schleiden;DEU;07.01.1995;128764;test@test-mexxon.com
1712845116;ABI;201601;81501;815;FEMALE;XXXXXXXX;mm,üpklhömh;Nicole;Sonnenwiechser Str.;15;;14532;Kleinmachnow;DEU;03.11.1965;128765;test@test-mexxon.com
718078502;ABI;201601;81501;815;FEMALE;XXXXXXXX;mm,üpklhömh;Fabian;Rheinauer Str.;26;;73730;Esslingen am Neckar;DEU;19.01.1976;128766;test@test-mexxon.com
718403693;ABI;201601;81501;815;MALE;XXXXXXXX;mm,üpklhömh;Nadine;Feuerwehrstr.;26;;21107;Hamburg;DEU;;128767;test@test-mexxon.com
1024448235;ABI;201601;81501;815;FEMALE;XXXXXXXX;mm,üpklhömh;Oskar;Karl-Barth-Str.;43;;99099;Erfurt;DEU;20.12.1975;128768;test@test-mexxon.com
1170165239;ABI;201601;81501;815;MALE;XXXXXXXX;mm,üpklhömh;Sonja;Am Körgraben;2C;;33154;Salzkotten;DEU;24.09.1993;128769;test@test-mexxon.com
753260465;ABI;201601;81501;815;FEMALE;XXXXXXXX;mm,üpklhömh;Thorsten;Haßlocher Str.;24;;44534;Lünen;DEU;17.09.1979;128770;test@test-mexxon.com
1058258580;ABI;201601;81501;815;MALE;XXXXXXXX;mm,üpklhömh;Steven;Landskronastr.;33;;52391;Köln;DEU;22.04.1983;128771;test@test-mexxon.com
1629978790;ABI;201601;81501;815;FEMALE;XXXXXXXX;mm,üpklhömh;Jessica;Westerholter Weg;43;;86154;Augsburg;DEU;23.02.1992;128772;test@test-mexxon.com
532848873;ABI;201601;81501;815;MALE;XXXXXXXX;mm,üpklhömh;Björn;Ernst-Thälmann-Str.;51;;39130;Magdeburg;DEU;22.04.1986;128773;test@test-mexxon.com
1285218400;ABI;201601;81501;815;FEMALE;XXXXXXXX;mm,üpklhömh;Sarah;Kornblumenstr.;51;;27211;BASSUM;DEU;27.04.1977;128774;test@test-mexxon.com
414422301;ABI;201601;81501;815;MALE;XXXXXXXX;mm,üpklhömh;Janosch;Zingster Str.;21;;76474;Au;DEU;03.08.1948;128775;test@test-mexxon.com
2051553892;ABI;201601;81501;815;FEMALE;XXXXXXXX;mm,üpklhömh;Jessica;Amalisweg Etage7re;10;;56428;Dernbach;DEU;31.05.1988;128776;test@test-mexxon.com
875298955;ABI;201601;81501;815;MALE;XXXXXXXX;mm,üpklhömh;Bernd;Grabenstr.;1;;59199;Bönen;DEU;04.08.1972;128777;test@test-mexxon.com
2043141029;ABI;201601;81501;815;MALE;XXXXXXXX;mm,üpklhömh;Gökhan;Lambertus-Kirchplatz;13;;29331;Lachendorf;DEU;30.06.1986;128778;test@test-mexxon.com
1730518111;ABI;201601;81501;815;FEMALE;XXXXXXXX;mm,üpklhömh;Sven;Am Burgwall;43;;44869;Bochum;DEU;05.07.1980;128779;test@test-mexxon.com
765459942;ABI;201601;81501;815;MALE;XXXXXXXX;mm,üpklhömh;Nadine;Eschenweg;19;;42287;Wuppertal;DEU;18.06.1988;128780;test@test-mexxon.com
978497555;ABI;201601;81501;815;FEMALE;XXXXXXXX;mm,üpklhömh;Teresa Vera;Rendsburger Landstr.;57;;45891;Gelsenkirchen;DEU;04.03.1982;128781;test@test-mexxon.com
1692661386;ABI;201601;81501;815;MALE;XXXXXXXX;mm,üpklhömh;Christian;Burgstr.;1;;29339;Wathlingen;DEU;25.11.1995;128782;test@test-mexxon.com
1066812259;ABI;201601;81501;815;FEMALE;XXXXXXXX;mm,üpklhömh;Anke;Graf-von-Stauffenberg-Str.;10;;38170;Schöppenstedt;DEU;18.02.1993;128783;test@test-mexxon.com
1923192312;ABI;201601;81501;815;MALE;XXXXXXXX;mm,üpklhömh;Halil;Dresdener Str.;3;;59929;Brilon;DEU;11.06.1985;128784;test@test-mexxon.com
1589985354;ABI;201601;81501;815;MALE;XXXXXXXX;mm,üpklhömh;Jessica;Stiftsstr.;43;;66123;Saarbrücken;DEU;30.05.1974;128785;test@test-mexxon.com
1572068339;ABI;201601;81501;815;MALE;XXXXXXXX;mm,üpklhömh;Irina;Eichenhainstr.;18;;6842;Dessau;DEU;07.05.1973;128786;test@test-mexxon.com
1803272585;ABI;201601;81501;815;FEMALE;XXXXXXXX;mm,üpklhömh;Philipp;In den Bruchgärten;9;;41363;Jüchen;DEU;01.10.1983;128787;test@test-mexxon.com
249994518;ABI;201601;81501;815;FEMALE;XXXXXXXX;mm,üpklhömh;Kai;Ernst-Lemmer-Str.;40;;41812;Erkelenz;DEU;26.04.1991;128788;test@test-mexxon.com
389545088;ABI;201601;81501;815;MALE;XXXXXXXX;mm,üpklhömh;Torsten;Illinger Str.;93A;;77830;Bühlertal;DEU;21.02.1986;128789;test@test-mexxon.com
926027371;ABI;201601;81501;815;FEMALE;XXXXXXXX;mm,üpklhömh;Christina;Stettiner Str.;7;;33378;RHEDA-WIEDENBRUECK;DEU;24.04.1972;128790;test@test-mexxon.com
1119996021;ABI;201601;81501;815;MALE;XXXXXXXX;mm,üpklhömh;Alejandro;Pirolstr.;11;;89077;Ulm;DEU;27.12.1985;128791;test@test-mexxon.com
2030615311;ABI;201601;81501;815;FEMALE;XXXXXXXX;mm,üpklhömh;Daniela;Hauptstr.;33A;;42651;Solingen;DEU;02.12.1986;128792;test@test-mexxon.com
2074963544;ABI;201601;81501;815;FEMALE;XXXXXXXX;mm,üpklhömh;Patryk;Alte Stuttgarter Str.;28;;47053;Duisburg;DEU;18.09.1984;128793;test@test-mexxon.com
2131392658;ABI;201601;81501;815;MALE;XXXXXXXX;mm,üpklhömh;Milica;Joseph-Haydn-Str.;11;;7545;Gera;DEU;02.07.1994;128794;test@test-mexxon.com
1642156311;ABI;201601;81501;815;MALE;XXXXXXXX;mm,üpklhömh;Thorsten;Zeppelinstr.;5;;6886;Wittenberg;DEU;19.08.1990;128795;test@test-mexxon.com
29209118;ABI;201601;81501;815;MALE;XXXXXXXX;mm,üpklhömh;Sascha;Westl Krl-Friedr-Str.;;;6124;Halle (Saale);DEU;22.09.1980;128796;test@test-mexxon.com
254625127;ABI;201601;81501;815;FEMALE;XXXXXXXX;mm,üpklhömh;Sebastian;Bandelstr.;18;;45968;Gladbeck;DEU;11.03.1989;128797;test@test-mexxon.com
1394497808;ABI;201601;81501;815;MALE;XXXXXXXX;mm,üpklhömh;Dennis;Thomastr.;6;;40764;Langenfeld;DEU;;128798;test@test-mexxon.com
325105451;ABI;201601;81501;815;FEMALE;XXXXXXXX;mm,üpklhömh;Gabi;Friedrich-Ebert-Str.;281;;34537;BAD WILDUNG.-HUNDSDORF;DEU;02.10.1987;128799;test@test-mexxon.com
1902068451;ABI;201601;81501;815;MALE;XXXXXXXX;mm,üpklhömh;Hans-Georg;Rügener Ring;58;;65385;Rüdesheim Am Rhein;DEU;16.01.1979;128800;test@test-mexxon.com
573941817;ABI;201601;81501;815;FEMALE;XXXXXXXX;mm,üpklhömh;Lorena;Herweghring;28;;70469;Stuttgart;DEU;14.02.1987;128801;test@test-mexxon.com
1048026022;ABI;201601;81501;815;MALE;XXXXXXXX;mm,üpklhömh;Stefanie;Leipziger Str.;10;;51145;Köln;DEU;23.06.1975;128802;test@test-mexxon.com
1845721744;ABI;201601;81501;815;MALE;XXXXXXXX;mm,üpklhömh;Gezina;Hölscherweg;21;;9126;Chemnitz;DEU;05.05.1986;128803;test@test-mexxon.com
597020048;ABI;201601;81501;815;MALE;XXXXXXXX;mm,üpklhömh;Jessica;Pätzer Str.;15;;12049;Berlin;DEU;06.10.1981;128804;test@test-mexxon.com
1468151863;ABI;201601;81501;815;MALE;XXXXXXXX;mm,üpklhömh;Carola;Langgasse;5;;28357;BREMEN;DEU;04.08.1989;128805;test@test-mexxon.com
326496104;ABI;201601;81501;815;FEMALE;XXXXXXXX;mm,üpklhömh;Manfred;Scharnhorststr.;5;;52525;Heinsberg;DEU;23.07.1981;128806;test@test-mexxon.com
786058105;ABI;201601;81501;815;MALE;XXXXXXXX;mm,üpklhömh;Angelo;Parkstr.;2;;21335;Lüneburg;DEU;16.06.1950;128807;test@test-mexxon.com
64528913;ABI;201601;81501;815;FEMALE;XXXXXXXX;mm,üpklhömh;Katharina;Schlesierweg;14;;57072;SIEGEN;DEU;09.05.1995;128808;test@test-mexxon.com
695803332;ABI;201601;81501;815;FEMALE;XXXXXXXX;mm,üpklhömh;Ute Melanie;Bahnhofstr.;17;;17235;Neustrelitz;DEU;03.09.1983;128809;test@test-mexxon.com
1389676026;ABI;201601;81501;815;FEMALE;XXXXXXXX;mm,üpklhömh;Vanessa;Auangerstr.;10;;55124;Mainz;DEU;27.05.1987;128810;test@test-mexxon.com
1780058114;ABI;201601;81501;815;FEMALE;XXXXXXXX;mm,üpklhömh;Sandra;Fahnenstr.;15;;89619;Unterstadion;DEU;06.10.1988;128811;test@test-mexxon.com
1900930660;ABI;201601;81501;815;FEMALE;XXXXXXXX;mm,üpklhömh;Nico;Metzer Str.;5;;26169;FRIESOYTHE;DEU;11.12.1974;128812;test@test-mexxon.com
2051111867;ABI;201601;81501;815;MALE;XXXXXXXX;mm,üpklhömh;Jennifer;Pfeilstr.;11;;13627;Berlin;DEU;17.09.1937;128813;test@test-mexxon.com
1964778984;ABI;201601;81501;815;MALE;XXXXXXXX;mm,üpklhömh;Maria;Kroogblöcke;34B;;23566;LUEBECK;DEU;09.08.1989;128814;test@test-mexxon.com
98347530;ABI;201601;81501;815;FEMALE;XXXXXXXX;mm,üpklhömh;Heinz-Dieter;Kamenzer Str.;10A;;78176;Blumberg;DEU;03.07.1987;128815;test@test-mexxon.com
844340179;ABI;201601;81501;815;FEMALE;XXXXXXXX;mm,üpklhömh;Martin;Mecklenburgische Str.;7;;47829;Krefeld;DEU;19.03.1983;128816;test@test-mexxon.com
233270852;ABI;201601;81501;815;FEMALE;XXXXXXXX;mm,üpklhömh;Mario;Berliner Str.;42;;55118;Mainz;DEU;21.05.1994;128817;test@test-mexxon.com
1244917472;ABI;201601;81501;815;FEMALE;XXXXXXXX;mm,üpklhömh;DANIEL;Kofferer Str.;39;;44866;Bochum;DEU;16.04.1987;128818;test@test-mexxon.com
908054030;ABI;201601;81501;815;MALE;XXXXXXXX;mm,üpklhömh;Michael;Goethestr.;8;;66121;Saarbrücken;DEU;01.03.1990;128819;test@test-mexxon.com
1842790897;ABI;201601;81501;815;FEMALE;XXXXXXXX;mm,üpklhömh;Rainer;Hindenburgstr.;283;;46117;Oberhausen;DEU;13.03.1990;128820;test@test-mexxon.com
496088613;ABI;201601;81501;815;FEMALE;XXXXXXXX;mm,üpklhömh;Mirsad;Robert-Koch-Str.;50;;70619;Stuttgart;DEU;05.05.1965;128821;test@test-mexxon.com
738132828;ABI;201601;81501;815;MALE;XXXXXXXX;mm,üpklhömh;Reiner;Strang;9;;47169;Duisburg;DEU;17.10.1963;128822;test@test-mexxon.com
1824668683;ABI;201601;81501;815;MALE;XXXXXXXX;mm,üpklhömh;Andreas;Wasserstr.;1;;39124;Magdeburg;DEU;01.05.1984;128823;test@test-mexxon.com
177373811;ABI;201601;81501;815;MALE;XXXXXXXX;mm,üpklhömh;Kathrin;Mareschstr.;4;;58644;Iserlohn;DEU;12.06.1990;128824;test@test-mexxon.com
951413308;ABI;201601;81501;815;MALE;XXXXXXXX;mm,üpklhömh;Jens;Amtsstr.;19;;99867;Gotha;DEU;02.05.1986;128825;test@test-mexxon.com
1542873237;ABI;201601;81501;815;MALE;XXXXXXXX;mm,üpklhömh;Wanda;Glockenlandstr.;10;;54516;Wittlich;DEU;23.05.1979;128826;test@test-mexxon.com
558368790;ABI;201601;81501;815;MALE;XXXXXXXX;mm,üpklhömh;Rüdiger;An der Alten Eiche;1;;46537;Dinslaken;DEU;10.07.1965;128827;test@test-mexxon.com
1951749224;ABI;201601;81501;815;MALE;XXXXXXXX;mm,üpklhömh;Lisa;Von-Stauffenberg-Str.;19;;21244;Buchholz;DEU;10.03.1979;128828;test@test-mexxon.com
24340073;ABI;201601;81501;815;MALE;XXXXXXXX;mm,üpklhömh;Horst;Glockenblumenweg;52B;;37120;Bovenden;DEU;06.12.1952;128829;test@test-mexxon.com
906036987;ABI;201601;81501;815;MALE;XXXXXXXX;mm,üpklhömh;Sevgi;Jägerstr.;33;;4420;Markranstädt;DEU;24.08.1971;128830;test@test-mexxon.com
1169337604;ABI;201601;81501;815;FEMALE;XXXXXXXX;mm,üpklhömh;Holger;Scheffelstr.;23;;1558;Großenhain;DEU;23.06.1984;128831;test@test-mexxon.com
1561852741;ABI;201601;81501;815;MALE;XXXXXXXX;mm,üpklhömh;Andr;Siegburger Str.;45;;14727;Premnitz;DEU;28.06.1971;128832;test@test-mexxon.com
1774716850;ABI;201601;81501;815;FEMALE;XXXXXXXX;mm,üpklhömh;Melanie;Kirchplatz;3;;21075;Hamburg;DEU;13.08.1957;128833;test@test-mexxon.com
1309520568;ABI;201601;81501;815;MALE;XXXXXXXX;mm,üpklhömh;Franziska;Eduard-Bernstein-Str.;20;;42781;Haan;DEU;24.07.1960;128834;test@test-mexxon.com
1448040480;ABI;201601;81501;815;FEMALE;XXXXXXXX;mm,üpklhömh;Jacqueline;Heiligenpesch;73;;21698;Brest;DEU;07.03.1989;128835;test@test-mexxon.com
573751593;ABI;201601;81501;815;MALE;XXXXXXXX;mm,üpklhömh;Hans-Joachim;Heinrich-Hildebrand-Str.;18;;95131;Schwarzenbach;DEU;07.05.1958;128836;test@test-mexxon.com
668238766;ABI;201601;81501;815;FEMALE;XXXXXXXX;mm,üpklhömh;Chris;Danziger Str.;9;;50967;Köln;DEU;16.10.1982;128837;test@test-mexxon.com
216030771;ABI;201601;81501;815;MALE;XXXXXXXX;mm,üpklhömh;Thomas;Bergstr.;8;;89362;OFFINGEN;DEU;26.08.1976;128838;test@test-mexxon.com
352454328;ABI;201601;81501;815;MALE;XXXXXXXX;mm,üpklhömh;Natasa;Allensteiner Str.;1;;16278;Angermünde;DEU;26.03.1984;128839;test@test-mexxon.com
378436;ABI;201601;81501;815;FEMALE;XXXXXXXX;mm,üpklhömh;Anna;Zur Burgmühle;40;;79215;Elzach;DEU;26.02.1982;128840;test@test-mexxon.com
1941021836;ABI;201601;81501;815;FEMALE;XXXXXXXX;mm,üpklhömh;Jennifer;Kantstr.;24;;21423;Winsen  (Luhe);DEU;19.05.1990;128841;test@test-mexxon.com
1088190557;ABI;201601;81501;815;FEMALE;XXXXXXXX;mm,üpklhömh;Mandy;Kleine Siedlung;66A;;34127;Kassel;DEU;24.04.1984;128842;test@test-mexxon.com
1715164479;ABI;201601;81501;815;MALE;XXXXXXXX;mm,üpklhömh;Joanna Evi;Roggenstr.;6;;42115;Wuppertal;DEU;05.03.1958;128843;test@test-mexxon.com
720244815;ABI;201601;81501;815;MALE;XXXXXXXX;mm,üpklhömh;Rudi;Duddenhauser Str.;6;;6493;Königerode;DEU;18.09.1985;128844;test@test-mexxon.com
1588557399;ABI;201601;81501;815;MALE;XXXXXXXX;mm,üpklhömh;Mandy;Schönbergstr.;12;;13403;Berlin;DEU;17.06.1960;128845;test@test-mexxon.com
1224698643;ABI;201601;81501;815;FEMALE;XXXXXXXX;mm,üpklhömh;Andreas;Tückingstr.;8;;79618;Rheinfelden (Baden);DEU;15.10.1972;128846;test@test-mexxon.com
1474629689;ABI;201601;81501;815;FEMALE;XXXXXXXX;mm,üpklhömh;Patricia;Gerkerather Mühle;44;;63820;Elsenfeld;DEU;14.05.1994;128847;test@test-mexxon.com
1759814762;ABI;201601;81501;815;FEMALE;XXXXXXXX;mm,üpklhömh;Ali;Karl-Marx-Str.;37;;46045;Oberhausen;DEU;02.07.1988;128848;test@test-mexxon.com
80317627;ABI;201601;81501;815;FEMALE;XXXXXXXX;mm,üpklhömh;Silvia;Belforter Str.;13;;49090;Osnabrück;DEU;21.10.1984;128849;test@test-mexxon.com
620807018;ABI;201601;81501;815;FEMALE;XXXXXXXX;mm,üpklhömh;Björn;Steinhäußerstr.;11;;90461;Nürnberg;DEU;06.02.1987;128850;test@test-mexxon.com
100272935;ABI;201601;81501;815;MALE;XXXXXXXX;mm,üpklhömh;Diana Magdalena;Curt-Querner-Str.;1;;41812;Erkelenz;DEU;;128851;test@test-mexxon.com
827052510;ABI;201601;81501;815;FEMALE;XXXXXXXX;mm,üpklhömh;Jones;Patt;27;;6237;LEUNA;DEU;27.03.1979;128852;test@test-mexxon.com
155476787;ABI;201601;81501;815;MALE;XXXXXXXX;mm,üpklhömh;Ralf;Grünauer Str.;12;;58089;Hagen;DEU;25.11.1961;128853;test@test-mexxon.com
1668089131;ABI;201601;81501;815;FEMALE;XXXXXXXX;mm,üpklhömh;Maria;Sandstr.;47;;27283;Verden;DEU;25.01.1993;128854;test@test-mexxon.com
1546075426;ABI;201601;81501;815;MALE;XXXXXXXX;mm,üpklhömh;Mandy;Forsthofstr.;17;;31860;Emmerthal;DEU;27.02.1968;128855;test@test-mexxon.com
1142810900;ABI;201601;81501;815;FEMALE;XXXXXXXX;mm,üpklhömh;Jennifer;Grundstr.;164;;32699;Extertal;DEU;07.12.1977;128856;test@test-mexxon.com
2129050362;ABI;201601;81501;815;MALE;XXXXXXXX;mm,üpklhömh;Gülsün;Birkenauer Talstr.;57/1;;58239;Schwerte;DEU;23.12.1978;128857;test@test-mexxon.com
134592525;ABI;201601;81501;815;FEMALE;XXXXXXXX;mm,üpklhömh;Tanja;Am Moorweg;17;;34346;Hann. muenden;DEU;25.09.1975;128858;test@test-mexxon.com
654885987;ABI;201601;81501;815;MALE;XXXXXXXX;mm,üpklhömh;Jasmin;Südring;20A;;45770;Marl;DEU;20.03.1993;128859;test@test-mexxon.com
720101159;ABI;201601;81501;815;MALE;XXXXXXXX;mm,üpklhömh;Jens;Horneburg;29;;50226;Frechen;DEU;26.11.1965;128860;test@test-mexxon.com
819503834;ABI;201601;81501;815;FEMALE;XXXXXXXX;mm,üpklhömh;Werner;Ringenwalder Str.;12;;45219;ESSEN;DEU;02.09.1958;128861;test@test-mexxon.com
1290653839;ABI;201601;81501;815;FEMALE;XXXXXXXX;mm,üpklhömh;Roland;Linnicher Str.;9;;10315;Berlin;DEU;23.12.1980;128862;test@test-mexxon.com
1301684405;ABI;201601;81501;815;FEMALE;XXXXXXXX;mm,üpklhömh;Tobias;Hildesheimer Str.;135;;58135;Hagen;DEU;15.03.1985;128863;test@test-mexxon.com
1412199688;ABI;201601;81501;815;FEMALE;XXXXXXXX;mm,üpklhömh;Alexander;Lindhorstweg;83;;44628;HERNE;DEU;02.08.1978;128864;test@test-mexxon.com
277155536;ABI;201601;81501;815;FEMALE;XXXXXXXX;mm,üpklhömh;Björn Wolfgang;Krebaer Str.;66;;52355;Düren;DEU;18.08.1980;128865;test@test-mexxon.com
1927665183;ABI;201601;81501;815;FEMALE;XXXXXXXX;mm,üpklhömh;Sebastian;Johann-Meyer-Str.;14;;66687;Wadern;DEU;31.01.1983;128866;test@test-mexxon.com
2037154767;ABI;201601;81501;815;MALE;XXXXXXXX;mm,üpklhömh;Sebastian;Belziger Str.;18;;16792;Zehdenick;DEU;11.05.1989;128867;test@test-mexxon.com
1174517536;ABI;201601;81501;815;MALE;XXXXXXXX;mm,üpklhömh;Christian;Buttmannstr.;6;;22159;HAMBURG;DEU;08.10.1942;128868;test@test-mexxon.com
556839019;ABI;201601;81501;815;MALE;XXXXXXXX;mm,üpklhömh;Marco;Am Heiligenhäuschen;23;;76316;Malsch;DEU;08.05.1952;128869;test@test-mexxon.com
1427892588;ABI;201601;81501;815;MALE;XXXXXXXX;mm,üpklhömh;Anja;Krahestr.;36;;92699;Bechtsrieth;DEU;13.10.1985;128870;test@test-mexxon.com
758223972;ABI;201601;81501;815;MALE;XXXXXXXX;mm,üpklhömh;Johanna;Lorscher Str.;6;;32351;Stemwede;DEU;20.02.1961;128871;test@test-mexxon.com
1872191478;ABI;201601;81501;815;MALE;XXXXXXXX;mm,üpklhömh;Renate;Gerhart-Hauptmann-Str.;6;;67269;Grünstadt;DEU;18.03.1973;128872;test@test-mexxon.com
1574949253;ABI;201601;81501;815;MALE;XXXXXXXX;mm,üpklhömh;Marc;Gesmolder Str.;1;;19300;Grabow;DEU;31.01.1981;128873;test@test-mexxon.com
1224887443;ABI;201601;81501;815;MALE;XXXXXXXX;mm,üpklhömh;Stefan;Remigiusplatz;8;;89173;LONSEE;DEU;30.08.1988;128874;test@test-mexxon.com
1465849793;ABI;201601;81501;815;MALE;XXXXXXXX;mm,üpklhömh;Matthias;Macherner Str.;1;;1099;DRESDEN;DEU;10.08.1988;128875;test@test-mexxon.com
986331568;ABI;201601;81501;815;MALE;XXXXXXXX;mm,üpklhömh;Tania;Leineweberstr.;49;;36391;Sinntal;DEU;02.01.1983;128876;test@test-mexxon.com
1101368165;ABI;201601;81501;815;FEMALE;XXXXXXXX;mm,üpklhömh;Marie Denise;Ascherslebener Str.;40;;40231;Düsseldorf;DEU;09.05.1972;128877;test@test-mexxon.com
767244685;ABI;201601;81501;815;FEMALE;XXXXXXXX;mm,üpklhömh;Derya;Bassenheimer Str.;83;;55450;Langenlonsheim;DEU;14.12.1984;128878;test@test-mexxon.com
1484341904;ABI;201601;81501;815;FEMALE;XXXXXXXX;mm,üpklhömh;Alexandra;Clara-Wieck-Str.;10;;76553;Emsstetten;DEU;30.10.1957;128879;test@test-mexxon.com
1806193077;ABI;201601;81501;815;MALE;XXXXXXXX;mm,üpklhömh;Sandra;Rigaer Str.;84;;73257;Köngen;DEU;01.08.1983;128880;test@test-mexxon.com
1999867761;ABI;201601;81501;815;MALE;XXXXXXXX;mm,üpklhömh;Jennifer;Bahnhofstr.;81;;81241;München;DEU;04.11.1973;128881;test@test-mexxon.com
811058247;ABI;201601;81501;815;MALE;XXXXXXXX;mm,üpklhömh;Irena;Gneisenaustr.;27;;6333;WELFESHOLZ;DEU;11.05.1977;128882;test@test-mexxon.com
1924829805;ABI;201601;81501;815;FEMALE;XXXXXXXX;mm,üpklhömh;Cimberly;Kroogblöcke;35A;;44652;Herne;DEU;09.10.1970;128883;test@test-mexxon.com
195079955;ABI;201601;81501;815;FEMALE;XXXXXXXX;mm,üpklhömh;Benjamin;Grabbestr.;14;;90574;Roßtal;DEU;22.10.1985;128884;test@test-mexxon.com
338092162;ABI;201601;81501;815;FEMALE;XXXXXXXX;mm,üpklhömh;Markus;Mühlrather Mühle;2;;40822;Mettmann;DEU;11.09.1977;128885;test@test-mexxon.com
134108275;ABI;201601;81501;815;FEMALE;XXXXXXXX;mm,üpklhömh;Ronny;Hühlen;2;;97528;Sulzdorf;DEU;30.07.1974;128886;test@test-mexxon.com
518779394;ABI;201601;81501;815;FEMALE;XXXXXXXX;mm,üpklhömh;Frank;Bergstr.;6;;17126;Jarmen;DEU;28.08.1988;128887;test@test-mexxon.com
1045933743;ABI;201601;81501;815;FEMALE;XXXXXXXX;mm,üpklhömh;Christiane;Bebelstr.;25;;47137;Duisburg;DEU;09.11.1988;128888;test@test-mexxon.com
1277930619;ABI;201601;81501;815;FEMALE;XXXXXXXX;mm,üpklhömh;Sabine;Zwiestädter Str.;8;;35039;Marburg;DEU;28.06.1983;128889;test@test-mexxon.com
1004655414;ABI;201601;81501;815;FEMALE;XXXXXXXX;mm,üpklhömh;Oliver;Kreuzmoor;24;;32429;MINDEN;DEU;01.11.1991;128890;test@test-mexxon.com
1125978400;ABI;201601;81501;815;MALE;XXXXXXXX;mm,üpklhömh;Jacqueline;Freiberger Str.;99;;19300;Grabow;DEU;04.03.1989;128891;test@test-mexxon.com
1409439604;ABI;201601;81501;815;MALE;XXXXXXXX;mm,üpklhömh;Gabriele;Kirchendamm;6;;41236;Mönchengladbach;DEU;27.05.1975;128892;test@test-mexxon.com
643603070;ABI;201601;81501;815;MALE;XXXXXXXX;mm,üpklhömh;Bilal Resul;Lichtenstein;29;;6132;Halle;DEU;20.07.1985;128893;test@test-mexxon.com
1505208792;ABI;201601;81501;815;MALE;XXXXXXXX;mm,üpklhömh;Isolde;Catenhorner Str.;41;;44789;Bochum;DEU;05.01.1981;128894;test@test-mexxon.com
1525118306;ABI;201601;81501;815;FEMALE;XXXXXXXX;mm,üpklhömh;Yvonne;Im Geißhorn;4;;63674;Altenstadt;DEU;27.09.1972;128895;test@test-mexxon.com
2061108202;ABI;201601;81501;815;FEMALE;XXXXXXXX;mm,üpklhömh;STEVE;Lüchtenburger Weg;17;;12619;Berlin;DEU;03.12.1965;128896;test@test-mexxon.com
393212538;ABI;201601;81501;815;MALE;XXXXXXXX;mm,üpklhömh;Enrico;Finkenstr.;21;;94239;Ruhmannsfelden;DEU;03.01.1966;128897;test@test-mexxon.com
1268383412;ABI;201601;81501;815;FEMALE;XXXXXXXX;mm,üpklhömh;Sebastian;Hauptstr.;18;;6869;Coswig;DEU;05.01.1987;128898;test@test-mexxon.com
1344193359;ABI;201601;81501;815;FEMALE;XXXXXXXX;mm,üpklhömh;Ibrahim;Basilikastr.;7;;7551;Gera;DEU;17.06.1953;128899;test@test-mexxon.com
47614289;ABI;201601;81501;815;MALE;XXXXXXXX;mm,üpklhömh;Patrick;Briener Str.;23;;73230;Kirchheim;DEU;06.05.1987;128900;test@test-mexxon.com
462848068;ABI;201601;81501;815;FEMALE;XXXXXXXX;mm,üpklhömh;Knut;Gerhart-Hauptmann-Str.;18;;99987;Wertheim;DEU;25.05.1957;128901;test@test-mexxon.com
1473938695;ABI;201601;81501;815;FEMALE;XXXXXXXX;mm,üpklhömh;Alexander;Mauerstr.;1;;6112;Halle (Saale);DEU;13.09.1982;128902;test@test-mexxon.com
329274757;ABI;201601;81501;815;MALE;XXXXXXXX;mm,üpklhömh;Tim;Mitscherlichweg;4;;47179;Duisburg;DEU;05.09.1972;128903;test@test-mexxon.com
752937497;ABI;201601;81501;815;MALE;XXXXXXXX;mm,üpklhömh;Toni;Determeyerstr.;79;;17166;Teterow;DEU;22.06.1984;128904;test@test-mexxon.com
1713466883;ABI;201601;81501;815;MALE;XXXXXXXX;mm,üpklhömh;Philipp;Sprenger Str.;10;;48599;GRONAU;DEU;23.03.1979;128905;test@test-mexxon.com
789397993;ABI;201601;81501;815;MALE;XXXXXXXX;mm,üpklhömh;Diana;Unterglinder Weg;49;;12435;Berlin;DEU;25.02.1973;128906;test@test-mexxon.com
1182175641;ABI;201601;81501;815;MALE;XXXXXXXX;mm,üpklhömh;Manuel;Hauptstr.;89;;29582;Hanstedt;DEU;11.10.1985;128907;test@test-mexxon.com
1848722554;ABI;201601;81501;815;MALE;XXXXXXXX;mm,üpklhömh;Jens;Niederhofstr.;17;;60435;Frankfurt;DEU;06.04.1953;128908;test@test-mexxon.com
1906524215;ABI;201601;81501;815;MALE;XXXXXXXX;mm,üpklhömh;Angelika;Im Rottfeld;4;;58285;Gevelsberg;DEU;17.10.1986;128909;test@test-mexxon.com
926251011;ABI;201601;81501;815;MALE;XXXXXXXX;mm,üpklhömh;Andreas;Wildenbruchstr.;24;;66903;Altenkirchen;DEU;20.01.1986;128910;test@test-mexxon.com
1560645027;ABI;201601;81501;815;MALE;XXXXXXXX;mm,üpklhömh;Mandy;Waldstr.;10;;19055;Schwerin;DEU;10.12.1983;128911;test@test-mexxon.com
101418627;ABI;201601;81501;815;MALE;XXXXXXXX;mm,üpklhömh;Katica;Bruno-Taut-Ring;110;;31234;Edemissen;DEU;08.08.1991;128912;test@test-mexxon.com
1507395594;ABI;201601;81501;815;FEMALE;XXXXXXXX;mm,üpklhömh;Gabriele;Gitschiner Str.;78;;59425;Unna;DEU;07.07.1981;128913;test@test-mexxon.com
1597182240;ABI;201601;81501;815;MALE;XXXXXXXX;mm,üpklhömh;Walter Johann;An der Untermühle;84;;41836;HUECKELHOVEN;DEU;10.07.1979;128914;test@test-mexxon.com
1625294631;ABI;201601;81501;815;MALE;XXXXXXXX;mm,üpklhömh;Chris;Criesbacher Str.;1;;26844;Jemgum;DEU;26.06.1989;128915;test@test-mexxon.com
847521778;ABI;201601;81501;815;FEMALE;XXXXXXXX;mm,üpklhömh;Sabrina;Jaspertstr.;29;;41812;Erkelenz;DEU;19.04.1990;128916;test@test-mexxon.com
231820966;ABI;201601;81501;815;MALE;XXXXXXXX;mm,üpklhömh;Andrea;Möhringer Str.;37;;52525;Heinsberg;DEU;13.02.1986;128917;test@test-mexxon.com
240226087;ABI;201601;81501;815;FEMALE;XXXXXXXX;mm,üpklhömh;Mohamed;Brünestr.;25;;19322;Wittenberge;DEU;24.11.1984;128918;test@test-mexxon.com
374846760;ABI;201601;81501;815;FEMALE;XXXXXXXX;mm,üpklhömh;Maik;Victor-Jara-Str.;8;;91058;Erlangen;DEU;04.12.1967;128919;test@test-mexxon.com
1136241344;ABI;201601;81501;815;FEMALE;XXXXXXXX;mm,üpklhömh;Annemarie;Hasselbrookstr.;29;;2977;HOYERSWERDA;DEU;22.03.1953;128920;test@test-mexxon.com
1392417487;ABI;201601;81501;815;MALE;XXXXXXXX;mm,üpklhömh;Nils;Hammacherstr.;37;;38518;Gifhorn;DEU;01.07.1971;128921;test@test-mexxon.com
2067685694;ABI;201601;81501;815;MALE;XXXXXXXX;mm,üpklhömh;Birgit;Damer Str.;58;;6295;Lutherstadt Eisleben;DEU;27.01.1989;128922;test@test-mexxon.com
117679747;ABI;201601;81501;815;FEMALE;XXXXXXXX;mm,üpklhömh;Benjamin;Gebrüder-Grimm-Str.;1;;22399;Hamburg;DEU;29.08.1982;128923;test@test-mexxon.com
1966789931;ABI;201601;81501;815;FEMALE;XXXXXXXX;mm,üpklhömh;Ronny;Brunnenstr.;49;;97618;HOHENROTH;DEU;19.10.1969;128924;test@test-mexxon.com
2000276544;ABI;201601;81501;815;MALE;XXXXXXXX;mm,üpklhömh;Sven;Im Siekerfelde;3a;;98701;Neustadt;DEU;10.12.1983;128925;test@test-mexxon.com
499527286;ABI;201601;81501;815;MALE;XXXXXXXX;mm,üpklhömh;Christian;Boxlund;8A;;23970;Wismar;DEU;26.04.1989;128926;test@test-mexxon.com
506855914;ABI;201601;81501;815;FEMALE;XXXXXXXX;mm,üpklhömh;Jessica;Tannenweg;1;;26524;Berumbur;DEU;24.07.1988;128927;test@test-mexxon.com
1489327590;ABI;201601;81501;815;MALE;XXXXXXXX;mm,üpklhömh;Monika;Grenzhausener Str.;49;;58089;Hagen;DEU;29.12.1982;128928;test@test-mexxon.com
801753628;ABI;201601;81501;815;FEMALE;XXXXXXXX;mm,üpklhömh;Hans-Christian;Neuwiedenthaler Str.;40;;6386;Osternienburger Land;DEU;10.07.1971;128929;test@test-mexxon.com
1263234003;ABI;201601;81501;815;MALE;XXXXXXXX;mm,üpklhömh;Nancy;Engelburgergasse;12;;51069;Köln;DEU;09.10.1985;128930;test@test-mexxon.com
444529853;ABI;201601;81501;815;MALE;XXXXXXXX;mm,üpklhömh;Samantha;Römerpfad;57 c;;16225;EBERSWALDE;DEU;05.10.1984;128931;test@test-mexxon.com